r2_score,Mean Absolute Error (MAE),Mean Squared Error (MSE),Root Mean Squared Error (RMSE)
0.776407140164565,21.53457142857143,827.0150485714288,28.757869332957
