r2_score,Mean Absolute Error (MAE),Mean Squared Error (MSE),Root Mean Squared Error (RMSE)
0.4863681411317975,6.797500000000016,68.27827576666688,8.263066970965857
