r2_score,Mean Absolute Error (MAE),Mean Squared Error (MSE),Root Mean Squared Error (RMSE)
0.6903373395029995,7.255843749999999,84.30284090624994,9.181657851730805
