r2_score,Mean Absolute Error (MAE),Mean Squared Error (MSE),Root Mean Squared Error (RMSE)
0.8113547469274894,19.012812499999995,590.2938406249998,24.295963463608512
