r2_score,Mean Absolute Error (MAE),Mean Squared Error (MSE),Root Mean Squared Error (RMSE)
0.7023964609213873,3.757243902439032,30.280099634146477,5.502735650033216
