r2_score,Mean Absolute Error (MAE),Mean Squared Error (MSE),Root Mean Squared Error (RMSE)
0.30516246336510655,5.044638888888887,36.308649694444426,6.025665912946421
