r2_score,Mean Absolute Error (MAE),Mean Squared Error (MSE),Root Mean Squared Error (RMSE)
0.6983009818302746,8.763923076923065,120.36191284615354,10.970957699588197
