r2_score,Mean Absolute Error (MAE),Mean Squared Error (MSE),Root Mean Squared Error (RMSE)
0.7444775039060669,2.76770833333334,11.800011125000045,3.435114426769514
