r2_score,Mean Absolute Error (MAE),Mean Squared Error (MSE),Root Mean Squared Error (RMSE)
0.7919488840199371,23.06411764705882,832.3428647058819,28.850352939017608
