r2_score,Mean Absolute Error (MAE),Mean Squared Error (MSE),Root Mean Squared Error (RMSE)
0.882453928688503,1.3297999999999932,3.495087057142843,1.8695151930762273
