r2_score,Mean Absolute Error (MAE),Mean Squared Error (MSE),Root Mean Squared Error (RMSE)
0.6412280645396,9.77608163265306,189.84254538775508,13.778336089229173
