r2_score,Mean Absolute Error (MAE),Mean Squared Error (MSE),Root Mean Squared Error (RMSE)
0.5241068816104685,3.471529411764709,17.390517764705894,4.17019397207203
