r2_score,Mean Absolute Error (MAE),Mean Squared Error (MSE),Root Mean Squared Error (RMSE)
0.5309999528602476,11.97271875,222.16509790625003,14.905203719045575
