r2_score,Mean Absolute Error (MAE),Mean Squared Error (MSE),Root Mean Squared Error (RMSE)
0.6574743150847738,1.821368421052638,5.986646842105307,2.446762522621537
